"RBP_name","RBP_status","motif_id","motif_alt_id"
"A1CF","D","M001_0.6","WTAATTR"
"A1CF","D","M244_0.6","DTAATTV"
"A2BP1","D","M159_0.6","WGCATGM"
"A2BP1","D","M298_0.6","TGCATG"
"ACO1","D","M256_0.6","YAGDRH"
"ANKHD1","D","M002_0.6","AGACGWW"
"ANKRD17","I","M002_0.6","AGACGWW"
"B020018G12RIK","I","M054_0.6","RYGCGCB"
"BRUNOL4","D","M004_0.6","KGTGTKK"
"BRUNOL5","D","M157_0.6","TGTGTKK"
"BRUNOL6","D","M178_0.6","TGTGDKG"
"BX511012.1","I","M019_0.6","AGAGAVM"
"CELF3","I","M157_0.6","TGTGTKK"
"CELF4","I","M004_0.6","KGTGTKK"
"CELF6","I","M178_0.6","TGTGDKG"
"CIRBP","I","M048_0.6","RADACKA"
"CNOT4","D","M147_0.6","GACAGAN"
"CPEB2","D","M012_0.6","CHTTTTT"
"CPEB3","I","M149_0.6","NTTTTTT"
"CPEB4","D","M149_0.6","NTTTTTT"
"CSDA","I","M081_0.6","AACATCN"
"DAZAP1","D","M013_0.6","TAGKWWR"
"EIF2S1","I","M231_0.6","WGCATGN"
"EIF4B","D","M290_0.6","BTHGGAM"
"EIF4B","D","M291_0.6","GYBGRAM"
"EIF4B","D","M292_0.6","GGAM"
"ELAVL1","D","M031_0.6","TTDTTTT"
"ELAVL1","D","M108_0.6","TTWGTTT"
"ELAVL1","D","M112_0.6","TTTRKTT"
"ELAVL1","D","M127_0.6","TTKRTTT"
"ELAVL1","D","M232_0.6","TTTTTTK"
"ELAVL2","D","M328_0.6","HTBMTTTDYWTTHN"
"ELAVL2","D","M329_0.6","TTTTATTTW"
"ELAVL2","D","M330_0.6","WTTYAHTTT"
"ENOX1","D","M140_0.6","HRKACAG"
"ENOX2","I","M140_0.6","HRKACAG"
"ENSG00000180771","I","M070_0.6","NGGAGWDN"
"ENSG00000213250","I","M143_0.6","KATATAS"
"ENSG00000215042","I","M089_0.6","ACACRAV"
"ENSG00000215492","I","M022_0.6","DTAGGGW"
"ENSG00000231942","I","M022_0.6","DTAGGGW"
"ENSG00000248163","I","M323_0.6","GVRGAGTCATHSC"
"ENSG00000249536","I","M002_0.6","AGACGWW"
"ENSG00000249644","I","M323_0.6","GVRGAGTCATHSC"
"ENSG00000250177","I","M042_0.6","AAAAAAR"
"ENSMUSG00000021927","I","M022_0.6","DTAGGGW"
"ENSMUSG00000049235","I","M344_0.6","CCMB"
"ENSMUSG00000056951","I","M050_0.6","GCGCGSS"
"ENSMUSG00000089986","I","M002_0.6","AGACGWW"
"ENSMUSG00000090049","I","M102_0.6","GRAGGAN"
"ESRP1","I","M141_0.6","TGGGRAD"
"ESRP2","D","M141_0.6","TGGGRAD"
"FMR1","D","M016_0.6","KGACARG"
"FUS","D","M316_0.6","GGTG"
"FUSIP1","D","M019_0.6","AGAGAVM"
"FUSIP1","D","M086_0.6","ARAGRRR"
"FUSIP1","D","M087_0.6","AGAGARR"
"FUSIP1","D","M088_0.6","AGAGAVV"
"FXR1","D","M152_0.6","NAYGACRN"
"FXR2","D","M020_0.6","DGACRRR"
"G3BP2","D","M021_0.6","AGGATDR"
"GM10110","I","M042_0.6","AAAAAAR"
"GM12355","I","M056_0.6","WCAACRR"
"GM5145","I","M069_0.6","WTGCACR"
"GM7964","I","M026_0.6","CCAWMCC"
"GM8991","I","M022_0.6","DTAGGGW"
"HNRNPA1","D","M022_0.6","DTAGGGW"
"HNRNPA1","D","M271_0.6","TAGGGW"
"HNRNPA1L2","D","M023_0.6","DTAGGGW"
"HNRNPA2B1","D","M024_0.6","DTAGGGW"
"HNRNPA3","I","M022_0.6","DTAGGGW"
"HNRNPC","D","M025_0.6","HTTTTTK"
"HNRNPCL1","D","M158_0.6","HTTTTTK"
"HNRNPF","I","M151_0.6","GGGAGGG"
"HNRNPH1","I","M151_0.6","GGGAGGG"
"HNRNPH2","D","M151_0.6","GGGAGGG"
"HNRNPK","D","M026_0.6","CCAWMCC"
"HNRNPL","D","M027_0.6","AMAYAMA"
"HNRNPL","D","M089_0.6","ACACRAV"
"HNRNPLL","D","M169_0.6","RCAHACA"
"HNRNPR","I","M242_0.6","MMAAAWY"
"HNRPDL","I","M210_0.6","WRGWTAG"
"HNRPLL","I","M169_0.6","RCAHACA"
"IGF2BP1","D","M296_0.6","AAGCACCCGTT"
"IGF2BP2","D","M032_0.6","VMAHWCA"
"IGF2BP3","D","M163_0.6","AMAHWCA"
"KHDRBS1","D","M060_0.6","TAAAAVV"
"KHDRBS1","D","M160_0.6","ATAAAAV"
"KHDRBS2","D","M176_0.6","RATAAAM"
"KHDRBS3","D","M033_0.6","NATAAAVN"
"LIN28A","D","M035_0.6","HGGAGWA"
"LIN28A","D","M153_0.6","YGGAGGR"
"LIN28B","I","M035_0.6","HGGAGWA"
"MATR3","D","M036_0.6","MATCTTR"
"MBNL1","D","M037_0.6","NGCTTGC"
"MBNL1","D","M320_0.6","YGCT"
"MBNL2","I","M037_0.6","NGCTTGC"
"MBNL3","I","M037_0.6","NGCTTGC"
"MEX3B","I","M122_0.6","NGAGTDWN"
"MEX3C","I","M122_0.6","NGAGTDWN"
"MEX3D","I","M122_0.6","NGAGTDWN"
"MSI1","D","M040_0.6","TAGTWRG"
"MSI1","D","M167_0.6","TAGKWRG"
"MSI2","I","M040_0.6","TAGTWRG"
"NCL","D","M245_0.6","CCGAAAKCCCGAAGTASG"
"NONO","D","M307_0.6","AGGGA"
"NOVA1","I","M323_0.6","GVRGAGTCATHSC"
"NOVA2","D","M323_0.6","GVRGAGTCATHSC"
"NOVA2","D","M325_0.6","DSVTNNVNWTCAYMCC"
"PABPC1","D","M146_0.6","ARAAAAM"
"PABPC1","D","M275_0.6","AAAAA"
"PABPC1","D","M349_0.6","ACDAAYM"
"PABPC1L","I","M146_0.6","ARAAAAM"
"PABPC2","I","M146_0.6","ARAAAAM"
"PABPC3","D","M144_0.6","RAAAACM"
"PABPC4","D","M042_0.6","AAAAAAR"
"PABPC5","D","M162_0.6","AGAAADT"
"PABPC6","I","M146_0.6","ARAAAAM"
"PABPN1","D","M148_0.6","ARAAGAN"
"PABPN1L","I","M148_0.6","ARAAGAN"
"PCBP1","D","M177_0.6","CCWWHCC"
"PCBP1","D","M207_0.6","NCYTTCCN"
"PCBP2","D","M043_0.6","CCYYCCH"
"PCBP3","D","M188_0.6","NTTTYCCN"
"PCBP4","I","M188_0.6","NTTTYCCN"
"PPRC1","D","M044_0.6","SSGCGCS"
"PSPC1","I","M168_0.6","KTRRTKK"
"PTBP1","D","M227_0.6","HYTTTYT"
"PTBP1","D","M228_0.6","HYTTTYT"
"PTBP2","I","M227_0.6","HYTTTYT"
"PUM2","D","M286_0.6","TGTA"
"PUM2","D","M287_0.6","TGTAVATWRNNVVBBBBSCCS"
"QK","I","M046_0.6","ACTAACV"
"QKI","D","M046_0.6","ACTAACV"
"QKI","D","M262_0.6","TACTAAC"
"RALY","D","M150_0.6","TTTTTTB"
"RALYL","I","M025_0.6","HTTTTTK"
"RBFOX1","I","M159_0.6","WGCATGM"
"RBFOX2","I","M159_0.6","WGCATGM"
"RBFOX3","I","M159_0.6","WGCATGM"
"RBM24","D","M175_0.6","WGWGTGD"
"RBM28","D","M047_0.6","GWGTAGD"
"RBM3","D","M048_0.6","RADACKA"
"RBM38","D","M049_0.6","KKGTGTK"
"RBM4","D","M050_0.6","GCGCGSS"
"RBM4","D","M109_0.6","GCGCGSG"
"RBM41","D","M051_0.6","WTACWTK"
"RBM42","D","M142_0.6","AACTAMG"
"RBM45","D","M209_0.6","GACGAMV"
"RBM46","D","M052_0.6","RATSAWD"
"RBM47","I","M234_0.6","GATGAWN"
"RBM4B","I","M050_0.6","GCGCGSS"
"RBM5","D","M053_0.6","GARGGWR"
"RBM5","D","M145_0.6","SAAGGRG"
"RBM6","D","M161_0.6","HATCCAR"
"RBM8A","D","M054_0.6","RYGCGCB"
"RBMS1","D","M143_0.6","KATATAS"
"RBMS2","I","M143_0.6","KATATAS"
"RBMS3","D","M055_0.6","MTATAKM"
"RBMS3","D","M164_0.6","HATATAN"
"RBMX","D","M344_0.6","CCMB"
"RBMXL1","I","M344_0.6","CCMB"
"RBMXL2","I","M344_0.6","CCMB"
"RBMXL3","I","M344_0.6","CCMB"
"RBMXRT","I","M344_0.6","CCMB"
"RBMY1A1","D","M246_0.6","CWCAA"
"RBMY1A1","D","M247_0.6","CTCAA"
"RBMY1B","I","M246_0.6","CWCAA"
"RBMY1D","I","M246_0.6","CWCAA"
"RBMY1E","I","M246_0.6","CWCAA"
"RBMY1F","I","M246_0.6","CWCAA"
"RBMY1J","I","M246_0.6","CWCAA"
"ROD1","I","M227_0.6","HYTTTYT"
"SAMD4","I","M061_0.6","GCKGGHM"
"SAMD4A","D","M061_0.6","GCKGGHM"
"SAMD4B","I","M061_0.6","GCKGGHM"
"SART3","D","M062_0.6","ARAAAAM"
"SF3B4","I","M195_0.6","NCAAAAG"
"SFPQ","D","M168_0.6","KTRRTKK"
"SNRNP70","D","M068_0.6","RWTCAAG"
"SNRPA","D","M069_0.6","WTGCACR"
"SNRPA","D","M317_0.6","ATTGCACH"
"SNRPA","D","M318_0.6","ATTGCAC"
"SNRPA","D","M319_0.6","ATTGCAC"
"SNRPA","D","M345_0.6","GWTWCCWGYTA"
"SNRPA","D","M346_0.6","GGGDATGCTG"
"SNRPA","D","M347_0.6","RVGCAGTAGKS"
"SNRPA","D","M348_0.6","WGGAGAT"
"SNRPB2","I","M136_0.6","NTWGCACN"
"SRSF1","D","M102_0.6","GRAGGAN"
"SRSF1","D","M103_0.6","GGAGGAN"
"SRSF1","D","M104_0.6","GGASGRV"
"SRSF1","D","M105_0.6","GGASGRV"
"SRSF1","D","M106_0.6","NAGGASMN"
"SRSF1","D","M154_0.6","GGRGGAV"
"SRSF1","D","M272_0.6","RGAAGRAC"
"SRSF1","D","M273_0.6","ACGCGCR"
"SRSF1","D","M351_0.6","WDGACRRAGC"
"SRSF10","I","M019_0.6","AGAGAVM"
"SRSF12","I","M019_0.6","AGAGAVM"
"SRSF2","D","M070_0.6","NGGAGWDN"
"SRSF2","D","M274_0.6","GTTCSAGKW"
"SRSF2","D","M332_0.6","TGTTCSAGWW"
"SRSF2","D","M352_0.6","AGSAGAGDW"
"SRSF3","I","M056_0.6","WCAACRR"
"SRSF4","I","M126_0.6","GGASGRV"
"SRSF6","I","M126_0.6","GGASGRV"
"SRSF7","D","M071_0.6","NACGACGN"
"SRSF7","D","M331_0.6","AGACKACGAY"
"SRSF7","D","M353_0.6","ACGAKAGAH"
"SRSF9","D","M065_0.6","KGRWGSM"
"SRSF9","D","M072_0.6","AKGAVMR"
"SRSF9","D","M333_0.6","AGSAS"
"STAR-PAP","D","M073_0.6","MRATACT"
"SYNCRIP","I","M236_0.6","MAAAWWD"
"TAF15","I","M316_0.6","GGTG"
"TARDBP","D","M074_0.6","NGAATGDN"
"TIA1","D","M075_0.6","TTTTTBK"
"TIA1","D","M156_0.6","WTTTTTB"
"TIAL1","I","M075_0.6","TTTTTBK"
"TUT1","I","M073_0.6","MRATACT"
"U2AF2","D","M077_0.6","TTTTTYC"
"YB-1","D","M081_0.6","AACATCN"
"YB-1","D","M111_0.6","AACATCD"
"YBX1","I","M081_0.6","AACATCN"
"YBX2","D","M082_0.6","AACAWCD"
"YTHDC1","D","M354_0.6","KMVTVC"
"ZC3H10","D","M083_0.6","SSAGCGM"
"ZCRB1","D","M085_0.6","GRHTTAAN"
"ZFP36","D","M269_0.6","AAHAARBAAAG"
"ZFP36","D","M350_0.6","TTATTTAWK"
"ZNF638","D","M155_0.6","BGTTSKT"
