"RBP_name","motif_id","motif_alt_id"
"A1CF","1.1","NTAATTA"
"A1CF","1.2","VAATCAN"
"A1CF","1.3","SGGRCTG"
"A1CF","1.4","AGHTCGG"
"A1CF","1.5","AATAWAV"
"A1CF","1.6","WTAATTR"
"ANKHD1","1","AGACGWW"
"BOLL","1.1","TTNTTNN"
"BOLL","1.2","TDTGTTN"
"BOLL","1.3","TTADTTN"
"BOLL","1.4","NTTTTTN"
"CELF1","1.1","TKTHTGT"
"CELF1","1.2","GTSWTGT"
"CELF1","1.3","THARTGT"
"Cnot4","1","ASACAHW"
"CNOT4","1.1","ACASANN"
"CNOT4","1.2","ATAYATA"
"CNOT4","1.3","GCYCCCV"
"CNOT4","1.4","AACAGHW"
"CNOT4","1.5","GACAGAN"
"CPEB1","1","NTTTTTA"
"CPEB2","1","CHTTTTT"
"CPEB4","1","NTTTTTT"
"DAZ3","1.1","NCAGTTN"
"DAZ3","1.2","GTTTKDN"
"DAZ3","1.3","NWHGTTA"
"DAZ3","1.4","GTTTANN"
"DAZ3","1.5","GTTCCGY"
"DAZ3","1.6","GTTCTMG"
"DAZAP1","1.1","TARTATA"
"DAZAP1","1.2","HTANNTA"
"DAZAP1","1.3","TAAVTWA"
"DAZAP1","1.4","TAGKWWR"
"EIF4B","1.1","BTHGGAM"
"EIF4B","1.2","GYBGRAM"
"EIF4G2","1.1","HGTTGCD"
"EIF4G2","1.2","GCGAGGN"
"EIF4G2","1.3","NGCCGTC"
"EIF4G2","1.4","NCGCGGC"
"ELAVL1","1.1","TTDTTTT"
"ELAVL1","1.2","TTWGTTT"
"ELAVL1","1.3","TTTRKTT"
"ELAVL1","1.4","TTKRTTT"
"ELAVL1","1.5","TTTTTTK"
"ELAVL4","1.1","TTTNTTT"
"ELAVL4","1.2","NWTWATT"
"ELAVL4","1.3","TTMAKTT"
"ENOX1","1","HRKACAG"
"ESRP1","1.1","GGGGHGG"
"ESRP1","1.2","GGKGGTD"
"ESRP1","1.3","GGGGGAD"
"ESRP2","1","TGGGRAD"
"EWSR1","1.1","NGGHGGG"
"EWSR1","1.2","GKRTAGG"
"EWSR1","1.3","DGGGGTG"
"EWSR1","1.4","GGCAGGK"
"Fmr1","1","AHGGACR"
"FMR1","1","KGACARG"
"FUBP1","1.1","NTTRTTT"
"FUBP1","1.2","WATGTWT"
"FUBP1","1.3","TTATTWT"
"FUBP1","1.4","TGTGTWW"
"FUBP3","1.1","TATATAW"
"FUBP3","1.2","TTATTWT"
"FUS","1","GGTGGCG"
"FXR2","1","DGACRRR"
"G3BP2","1","AGGATDR"
"HNRNPA0","1.1","WTATAGN"
"HNRNPA0","1.2","WADTTAG"
"HNRNPA0","1.3","NAHTAGG"
"HNRNPA0","1.4","TAGSWTW"
"HNRNPA1","1","DTAGGGW"
"HNRNPA1L2","1","DTAGGGW"
"HNRNPA2B1","1.1","NGGGDGG"
"HNRNPA2B1","1.2","DGGGGYA"
"HNRNPA2B1","1.3","DTAGGGW"
"HNRNPAB","1","WRGWTAG"
"HNRNPC","1.1","WTTTTTT"
"HNRNPC","1.2","MATTTTT"
"HNRNPC","1.3","HTTTTTK"
"HNRNPCL1","1.1","TTTTTNN"
"HNRNPCL1","1.2","VTTTTTV"
"HNRNPCL1","1.3","HTTTTTK"
"HNRNPD","1.1","WTAATTA"
"HNRNPD","1.2","ATATAWW"
"HNRNPD","1.3","ATADTAN"
"HNRNPDL","1.1","TAATTWW"
"HNRNPDL","1.2","WWATATW"
"HNRNPF","1.1","GGGHGGG"
"HNRNPF","1.2","DGGGRGR"
"HNRNPF","1.3","DGGGGWN"
"HNRNPH2","1.1","GGGGGDG"
"HNRNPH2","1.2","DGGGGGH"
"HNRNPH2","1.3","GGGAGGG"
"HNRNPK","1.1","MWGCCCN"
"HNRNPK","1.2","CACGCMC"
"HNRNPK","1.3","CVTGYCC"
"HNRNPK","1.4","CRCCACM"
"HNRNPL","1.1","ACAYAYA"
"HNRNPL","1.2","CAYYACA"
"HNRNPL","1.3","AMAYAMA"
"HNRNPL","1.4","ACACRAV"
"IGF2BP1","1.1","CAWTACA"
"IGF2BP1","1.2","NCTCCCM"
"IGF2BP1","1.3","HACADCA"
"IGF2BP2","1.1","MMAYACA"
"IGF2BP2","1.2","ACAWWCM"
"IGF2BP2","1.3","CTCCCCM"
"IGF2BP2","1.4","CACANCA"
"IGF2BP2","1.5","VMAHWCA"
"IGF2BP3","1","AMAHWCA"
"ILF2","1.1","GGGHGGG"
"ILF2","1.2","GGGGNRN"
"ILF2","1.3","ATGGKGG"
"Khdrbs1","1","TAAAAVV"
"KHDRBS1","1","ATAAAAV"
"KHDRBS2","1.1","HAAHTAA"
"KHDRBS2","1.2","HWATAAA"
"KHDRBS2","1.3","MVCTAAA"
"KHDRBS2","1.4","RATAAAM"
"KHDRBS3","1.1","WATTWAW"
"KHDRBS3","1.2","HAATAAA"
"KHDRBS3","1.3","GCGCGCR"
"KHDRBS3","1.4","NYTTAAA"
"KHSRP","1.1","ATGTWTW"
"KHSRP","1.2","TKTTATW"
"LIN28A","1.1","HGGAGWA"
"LIN28A","1.2","YGGAGGR"
"MATR3","1","MATCTTR"
"MBNL1","1.1","GCWTGCN"
"MBNL1","1.2","CGCWGCD"
"MBNL1","1.3","GCTTADN"
"MBNL1","1.4","YGCGCWW"
"MBNL1","1.5","NGCTTGC"
"MSI1","1.1","TAGTTAD"
"MSI1","1.2","TAGWAKW"
"MSI1","1.3","TAGAWDW"
"MSI1","1.4","TAGTWRG"
"MSI1","1.5","TAGKWRG"
"NOVA1","1.1","HATTCAT"
"NOVA1","1.2","CATAWCA"
"NOVA1","1.3","CATAANN"
"NOVA1","1.4","NCACCAT"
"PABPC1","1.1","ARAAAAM"
"PABPC1","1.2","ACDAAYM"
"PABPC3","1","RAAAACM"
"PABPC4","1","AAAAAAR"
"PABPC5","1","AGAAADT"
"PABPN1","1","ARAAGAN"
"PABPN1L","1.1","AAAAANA"
"PABPN1L","1.2","AAAAKAN"
"PCBP1","1.1","CHRCCCC"
"PCBP1","1.2","CCBGTCG"
"PCBP1","1.3","CCYWTCC"
"PCBP1","1.4","AWVCCCR"
"PCBP1","1.5","CCWWHCC"
"PCBP2","1.1","CCCNCCC"
"PCBP2","1.2","CCWWCCC"
"PCBP2","1.3","CCGGTCR"
"PCBP2","1.4","NCCCCHN"
"PCBP2","1.5","AWGCCCC"
"PCBP2","1.6","CCYYCCH"
"PCBP4","1.1","CCHTCCC"
"PCBP4","1.2","CCNGTCG"
"PCBP4","1.3","YAATCCY"
"PPRC1","1","SSGCGCS"
"PRR3","1.1","ATDAVCN"
"PRR3","1.2","NHATAAV"
"PRR3","1.3","NATGAAY"
"PTBP1","1.1","HYTTTYT"
"PTBP1","1.2","HYTTTYT"
"PTBP3","1.1","YCTTTCT"
"PTBP3","1.2","CTATHYT"
"PUF60","1.1","TTTNTTT"
"PUF60","1.2","TTTCTYY"
"PUM1","1.1","TGTAHAK"
"PUM1","1.2","GGGNGGG"
"QKI","1.1","ACTAACV"
"QKI","1.2","TACTAAC"
"RALY","1","TTTTTTB"
"RALYL","1.1","NTTNTTT"
"RALYL","1.2","NNTTTTT"
"RBFOX2","1","HGCATGN"
"RBFOX3","1","NGCATGN"
"RBM15B","1.1","TTTNTTT"
"RBM15B","1.2","TTTAWTT"
"RBM15B","1.3","NHTTTTT"
"RBM22","1","TTACCGG"
"RBM23","1.1","MCYCCCC"
"RBM23","1.2","SCTTRAC"
"RBM24","1.1","KYTTTTH"
"RBM24","1.2","DTGTGTK"
"RBM24","1.3","WGWGTGD"
"RBM25","1.1","GGGGDGG"
"RBM25","1.2","RGGGGCM"
"RBM25","1.3","GSMKGGG"
"RBM28","1","GWGTAGD"
"RBM3","1","RADACKA"
"Rbm38","1","KKGTGTK"
"RBM4","1.1","GCGCGYN"
"RBM4","1.2","GCTRCGY"
"RBM4","1.3","GCRTGCB"
"RBM4","1.4","GCGCGSS"
"RBM4","1.5","GCGCGSG"
"RBM41","1.1","HTACWTH"
"RBM41","1.2","MTACATV"
"RBM41","1.3","WTACWTK"
"RBM42","1","AACTAMG"
"Rbm45","1","GACGAMV"
"RBM45","1.1","ACRCDAC"
"RBM45","1.2","ACAWBAC"
"RBM45","1.3","ACTDACD"
"RBM45","1.4","GRCRCCC"
"RBM45","1.5","ACRTACA"
"RBM45","1.6","ACGACGM"
"RBM46","1","RATSAWD"
"RBM47","1.1","HAATYAN"
"RBM47","1.2","AAATTAN"
"RBM4B","1.1","NCGCGSG"
"RBM4B","1.2","GKGTCGN"
"RBM4B","1.3","DCGSGGN"
"RBM4B","1.4","GCGGDAN"
"RBM5","1.1","GARGGWR"
"RBM5","1.2","SAAGGRG"
"RBM6","1.1","HGTCCCB"
"RBM6","1.2","CCHATCC"
"RBM6","1.3","GTCCRCN"
"RBM6","1.4","CACCYCC"
"RBM6","1.5","HATCCAR"
"RBM8A","1","RYGCGCB"
"RBMS1","1","KATATAS"
"RBMS2","1.1","NTATABN"
"RBMS2","1.2","WTATAHN"
"RBMS2","1.3","VTATTTA"
"RBMS3","1.1","NNTATAN"
"RBMS3","1.2","HTATAMD"
"RBMS3","1.3","TATTWAN"
"RBMS3","1.4","ATACATA"
"RBMS3","1.5","MTATAKM"
"RBMS3","1.6","HATATAN"
"Rbp1","1","WCAACRR"
"RC3H1","1.1","YWTATTD"
"RC3H1","1.2","MYTATVK"
"RC3H1","1.3","WCYGTKW"
"RC3H1","1.4","CACATTG"
"Rsf1","1","ACGACGV"
"SAMD4A","1","GCKGGHM"
"SART3","1","ARAAAAM"
"SF1","1.1","NHTAACM"
"SF1","1.2","MTAACCM"
"SF1","1.3","NHTAATN"
"SFPQ","1.1","TGTAAKN"
"SFPQ","1.2","RTAGTGW"
"SFPQ","1.3","GCATGYN"
"SFPQ","1.4","GCCCGRN"
"SFPQ","1.5","CGGGGCN"
"SFPQ","1.6","AGTAABG"
"SFPQ","1.7","KTRRTKK"
"SNRNP70","1","RWTCAAG"
"SNRPA","1.1","NWGCACD"
"SNRPA","1.2","NAGCACG"
"SNRPA","1.3","WTGCACR"
"SNRPA","1.4","ATTGCAC"
"SNRPA","1.5","ATTGCAC"
"SNRPA","1.6","WGGAGAT"
"SRSF1","1.1","GRAGGAN"
"SRSF1","1.2","GGAGGAN"
"SRSF1","1.3","GGASGRV"
"SRSF1","1.4","GGASGRV"
"SRSF1","1.5","GGRGGAV"
"SRSF1","1.6","ACGCGCR"
"SRSF10","1.1","WGCAGCA"
"SRSF10","1.2","GYRWGCA"
"SRSF11","1.1","RWGCAGM"
"SRSF11","1.2","AGAGAGA"
"SRSF2","1.1","WGCAGCN"
"SRSF2","1.2","KTTCCAG"
"SRSF2","1.3","MGCGCAG"
"SRSF2","1.4","AGGDGRK"
"SRSF4","1.1","AGCAGYN"
"SRSF4","1.2","TGCTGCT"
"SRSF4","1.3","GGTGTGC"
"SRSF5","1.1","CCCCHCH"
"SRSF5","1.2","CGCYRCC"
"SRSF5","1.3","VMGCGCM"
"SRSF5","1.4","WGCAGCM"
"SRSF5","1.5","CAYCBCC"
"SRSF8","1.1","GYAGCWG"
"SRSF8","1.2","GGGGGDG"
"SRSF9","1.1","NWGGAGN"
"SRSF9","1.2","DGGGAAW"
"SRSF9","1.3","KRGAAYA"
"SRSF9","1.4","KGRWGSM"
"SRSF9","1.5","AKGAVMR"
"TAF15","1.1","GGGGGGG"
"TAF15","1.2","DCCCCCC"
"TAF15","1.3","SCGCGCH"
"TARDBP","1.1","DGTRTGN"
"TARDBP","1.2","DGWGTGN"
"TIA1","1.1","TTTHTTT"
"TIA1","1.2","NTTTATW"
"TIA1","1.3","TTTTTBK"
"TIA1","1.4","WTTTTTB"
"TRA2A","1.1","HAGAARA"
"TRA2A","1.2","YCYGAAN"
"TRNAU1AP","1.1","THTTTTT"
"TRNAU1AP","1.2","MTTTTTA"
"TRNAU1AP","1.3","TTAAWTT"
"U2AF2","1","TTTTTYC"
"UNK","1.1","TAGTWWD"
"UNK","1.2","TAGVTAG"
"UNK","1.3","HATTAGN"
"UNK","1.4","TAGYAAN"
"YBX2","1","AACAWCD"
"ZC3H10","1","SSAGCGM"
"ZCRB1","1.1","NHHTTAA"
"ZCRB1","1.2","HRYTTAA"
"ZFP36","1","TATTTAW"
"ZNF326","1.1","GGATGTC"
"ZNF326","1.2","GWRTTCY"
"ZNF326","1.3","KGAWCGY"
"ZNF326","1.4","GGAYNCG"
"ZNF638","1","BGTTSKT"
